iso2,name,slug,emoji,emojiU
AD,Andorra,andorra,ğŸ‡¦ğŸ‡©,U+1F1E6 U+1F1E9
AE,United Arab Emirates,united-arab-emirates,ğŸ‡¦ğŸ‡ª,U+1F1E6 U+1F1EA
AF,Afghanistan,afghanistan,ğŸ‡¦ğŸ‡«,U+1F1E6 U+1F1EB
AG,Antigua and Barbuda,antigua-and-barbuda,ğŸ‡¦ğŸ‡¬,U+1F1E6 U+1F1EC
AI,Anguilla,anguilla,ğŸ‡¦ğŸ‡®,U+1F1E6 U+1F1EE
AL,Albania,albania,ğŸ‡¦ğŸ‡±,U+1F1E6 U+1F1F1
AM,Armenia,armenia,ğŸ‡¦ğŸ‡²,U+1F1E6 U+1F1F2
AO,Angola,angola,ğŸ‡¦ğŸ‡´,U+1F1E6 U+1F1F4
AQ,Antarctica,antarctica,ğŸ‡¦ğŸ‡¶,U+1F1E6 U+1F1F6
AR,Argentina,argentina,ğŸ‡¦ğŸ‡·,U+1F1E6 U+1F1F7
AS,American Samoa,american-samoa,ğŸ‡¦ğŸ‡¸,U+1F1E6 U+1F1F8
AT,Austria,austria,ğŸ‡¦ğŸ‡¹,U+1F1E6 U+1F1F9
AU,Australia,australia,ğŸ‡¦ğŸ‡º,U+1F1E6 U+1F1FA
AW,Aruba,aruba,ğŸ‡¦ğŸ‡¼,U+1F1E6 U+1F1FC
AZ,Azerbaijan,azerbaijan,ğŸ‡¦ğŸ‡¿,U+1F1E6 U+1F1FF
BA,Bosnia and Herzegovina,bosnia-and-herzegovina,ğŸ‡§ğŸ‡¦,U+1F1E7 U+1F1E6
BB,Barbados,barbados,ğŸ‡§ğŸ‡§,U+1F1E7 U+1F1E7
BD,Bangladesh,bangladesh,ğŸ‡§ğŸ‡©,U+1F1E7 U+1F1E9
BE,Belgium,belgium,ğŸ‡§ğŸ‡ª,U+1F1E7 U+1F1EA
BF,Burkina Faso,burkina-faso,ğŸ‡§ğŸ‡«,U+1F1E7 U+1F1EB
BG,Bulgaria,bulgaria,ğŸ‡§ğŸ‡¬,U+1F1E7 U+1F1EC
BH,Bahrain,bahrain,ğŸ‡§ğŸ‡­,U+1F1E7 U+1F1ED
BI,Burundi,burundi,ğŸ‡§ğŸ‡®,U+1F1E7 U+1F1EE
BJ,Benin,benin,ğŸ‡§ğŸ‡¯,U+1F1E7 U+1F1EF
BM,Bermuda,bermuda,ğŸ‡§ğŸ‡²,U+1F1E7 U+1F1F2
BN,Brunei,brunei,ğŸ‡§ğŸ‡³,U+1F1E7 U+1F1F3
BO,Bolivia,bolivia,ğŸ‡§ğŸ‡´,U+1F1E7 U+1F1F4
BR,Brazil,brazil,ğŸ‡§ğŸ‡·,U+1F1E7 U+1F1F7
BS,Bahamas,the-bahamas,ğŸ‡§ğŸ‡¸,U+1F1E7 U+1F1F8
BT,Bhutan,bhutan,ğŸ‡§ğŸ‡¹,U+1F1E7 U+1F1F9
BV,Bouvet Island,bouvet-island,ğŸ‡§ğŸ‡»,U+1F1E7 U+1F1FB
BW,Botswana,botswana,ğŸ‡§ğŸ‡¼,U+1F1E7 U+1F1FC
BY,Belarus,belarus,ğŸ‡§ğŸ‡¾,U+1F1E7 U+1F1FE
BZ,Belize,belize,ğŸ‡§ğŸ‡¿,U+1F1E7 U+1F1FF
CA,Canada,canada,ğŸ‡¨ğŸ‡¦,U+1F1E8 U+1F1E6
CC,Cocos [Keeling] Islands,cocos-keeling-islands,ğŸ‡¨ğŸ‡¨,U+1F1E8 U+1F1E8
CD,Congo [DRC],democratic-republic-of-the-congo,ğŸ‡¨ğŸ‡©,U+1F1E8 U+1F1E9
CF,Central African Republic,central-african-republic,ğŸ‡¨ğŸ‡«,U+1F1E8 U+1F1EB
CG,Congo [Republic],congo,ğŸ‡¨ğŸ‡¬,U+1F1E8 U+1F1EC
CH,Switzerland,switzerland,ğŸ‡¨ğŸ‡­,U+1F1E8 U+1F1ED
CI,CÃ´te d'Ivoire,cote-d-ivoire-ivory-coast,ğŸ‡¨ğŸ‡®,U+1F1E8 U+1F1EE
CK,Cook Islands,cook-islands,ğŸ‡¨ğŸ‡°,U+1F1E8 U+1F1F0
CL,Chile,chile,ğŸ‡¨ğŸ‡±,U+1F1E8 U+1F1F1
CM,Cameroon,cameroon,ğŸ‡¨ğŸ‡²,U+1F1E8 U+1F1F2
CN,China,china,ğŸ‡¨ğŸ‡³,U+1F1E8 U+1F1F3
CO,Colombia,colombia,ğŸ‡¨ğŸ‡´,U+1F1E8 U+1F1F4
CR,Costa Rica,costa-rica,ğŸ‡¨ğŸ‡·,U+1F1E8 U+1F1F7
CU,Cuba,cuba,ğŸ‡¨ğŸ‡º,U+1F1E8 U+1F1FA
CV,Cape Verde,cape-verde,ğŸ‡¨ğŸ‡»,U+1F1E8 U+1F1FB
CX,Christmas Island,christmas-island,ğŸ‡¨ğŸ‡½,U+1F1E8 U+1F1FD
CY,Cyprus,cyprus,ğŸ‡¨ğŸ‡¾,U+1F1E8 U+1F1FE
CZ,Czech Republic,czech-republic,ğŸ‡¨ğŸ‡¿,U+1F1E8 U+1F1FF
DE,Germany,germany,ğŸ‡©ğŸ‡ª,U+1F1E9 U+1F1EA
DJ,Djibouti,djibouti,ğŸ‡©ğŸ‡¯,U+1F1E9 U+1F1EF
DK,Denmark,denmark,ğŸ‡©ğŸ‡°,U+1F1E9 U+1F1F0
DM,Dominica,dominica,ğŸ‡©ğŸ‡²,U+1F1E9 U+1F1F2
DO,Dominican Republic,dominican-republic,ğŸ‡©ğŸ‡´,U+1F1E9 U+1F1F4
DZ,Algeria,algeria,ğŸ‡©ğŸ‡¿,U+1F1E9 U+1F1FF
EC,Ecuador,ecuador,ğŸ‡ªğŸ‡¨,U+1F1EA U+1F1E8
EE,Estonia,estonia,ğŸ‡ªğŸ‡ª,U+1F1EA U+1F1EA
EG,Egypt,egypt,ğŸ‡ªğŸ‡¬,U+1F1EA U+1F1EC
EH,Western Sahara,western-sahara,ğŸ‡ªğŸ‡­,U+1F1EA U+1F1ED
ER,Eritrea,eritrea,ğŸ‡ªğŸ‡·,U+1F1EA U+1F1F7
ES,Spain,spain,ğŸ‡ªğŸ‡¸,U+1F1EA U+1F1F8
ET,Ethiopia,ethiopia,ğŸ‡ªğŸ‡¹,U+1F1EA U+1F1F9
FI,Finland,finland,ğŸ‡«ğŸ‡®,U+1F1EB U+1F1EE
FJ,Fiji,fiji-islands,ğŸ‡«ğŸ‡¯,U+1F1EB U+1F1EF
FK,Falkland Islands [Islas Malvinas],falkland-islands,ğŸ‡«ğŸ‡°,U+1F1EB U+1F1F0
FM,Micronesia,micronesia,ğŸ‡«ğŸ‡²,U+1F1EB U+1F1F2
FO,Faroe Islands,faroe-islands,ğŸ‡«ğŸ‡´,U+1F1EB U+1F1F4
FR,France,france,ğŸ‡«ğŸ‡·,U+1F1EB U+1F1F7
GA,Gabon,gabon,ğŸ‡¬ğŸ‡¦,U+1F1EC U+1F1E6
GB,United Kingdom,united-kingdom,ğŸ‡¬ğŸ‡§,U+1F1EC U+1F1E7
GD,Grenada,grenada,ğŸ‡¬ğŸ‡©,U+1F1EC U+1F1E9
GE,Georgia,georgia,ğŸ‡¬ğŸ‡ª,U+1F1EC U+1F1EA
GF,French Guiana,french-guiana,ğŸ‡¬ğŸ‡«,U+1F1EC U+1F1EB
GG,Guernsey,guernsey-and-alderney,ğŸ‡¬ğŸ‡¬,U+1F1EC U+1F1EC
GH,Ghana,ghana,ğŸ‡¬ğŸ‡­,U+1F1EC U+1F1ED
GI,Gibraltar,gibraltar,ğŸ‡¬ğŸ‡®,U+1F1EC U+1F1EE
GL,Greenland,greenland,ğŸ‡¬ğŸ‡±,U+1F1EC U+1F1F1
GM,Gambia,gambia-the,ğŸ‡¬ğŸ‡²,U+1F1EC U+1F1F2
GN,Guinea,guinea,ğŸ‡¬ğŸ‡³,U+1F1EC U+1F1F3
GP,Guadeloupe,guadeloupe,ğŸ‡¬ğŸ‡µ,U+1F1EC U+1F1F5
GQ,Equatorial Guinea,equatorial-guinea,ğŸ‡¬ğŸ‡¶,U+1F1EC U+1F1F6
GR,Greece,greece,ğŸ‡¬ğŸ‡·,U+1F1EC U+1F1F7
GS,South Georgia and the South Sandwich Islands,south-georgia,ğŸ‡¬ğŸ‡¸,U+1F1EC U+1F1F8
GT,Guatemala,guatemala,ğŸ‡¬ğŸ‡¹,U+1F1EC U+1F1F9
GU,Guam,guam,ğŸ‡¬ğŸ‡º,U+1F1EC U+1F1FA
GW,Guinea-Bissau,guinea-bissau,ğŸ‡¬ğŸ‡¼,U+1F1EC U+1F1FC
GY,Guyana,guyana,ğŸ‡¬ğŸ‡¾,U+1F1EC U+1F1FE
HK,Hong Kong,hong-kong-s-a-r,ğŸ‡­ğŸ‡°,U+1F1ED U+1F1F0
HM,Heard Island and McDonald Islands,heard-island-and-mcdonald-islands,ğŸ‡­ğŸ‡²,U+1F1ED U+1F1F2
HN,Honduras,honduras,ğŸ‡­ğŸ‡³,U+1F1ED U+1F1F3
HR,Croatia,croatia,ğŸ‡­ğŸ‡·,U+1F1ED U+1F1F7
HT,Haiti,haiti,ğŸ‡­ğŸ‡¹,U+1F1ED U+1F1F9
HU,Hungary,hungary,ğŸ‡­ğŸ‡º,U+1F1ED U+1F1FA
ID,Indonesia,indonesia,ğŸ‡®ğŸ‡©,U+1F1EE U+1F1E9
IE,Ireland,ireland,ğŸ‡®ğŸ‡ª,U+1F1EE U+1F1EA
IL,Israel,israel,ğŸ‡®ğŸ‡±,U+1F1EE U+1F1F1
IM,Isle of Man,man-isle-of,ğŸ‡®ğŸ‡²,U+1F1EE U+1F1F2
IN,India,india,ğŸ‡®ğŸ‡³,U+1F1EE U+1F1F3
IO,British Indian Ocean Territory,british-indian-ocean-territory,ğŸ‡®ğŸ‡´,U+1F1EE U+1F1F4
IQ,Iraq,iraq,ğŸ‡®ğŸ‡¶,U+1F1EE U+1F1F6
IR,Iran,iran,ğŸ‡®ğŸ‡·,U+1F1EE U+1F1F7
IS,Iceland,iceland,ğŸ‡®ğŸ‡¸,U+1F1EE U+1F1F8
IT,Italy,italy,ğŸ‡®ğŸ‡¹,U+1F1EE U+1F1F9
JE,Jersey,jersey,ğŸ‡¯ğŸ‡ª,U+1F1EF U+1F1EA
JM,Jamaica,jamaica,ğŸ‡¯ğŸ‡²,U+1F1EF U+1F1F2
JO,Jordan,jordan,ğŸ‡¯ğŸ‡´,U+1F1EF U+1F1F4
JP,Japan,japan,ğŸ‡¯ğŸ‡µ,U+1F1EF U+1F1F5
KE,Kenya,kenya,ğŸ‡°ğŸ‡ª,U+1F1F0 U+1F1EA
KG,Kyrgyzstan,kyrgyzstan,ğŸ‡°ğŸ‡¬,U+1F1F0 U+1F1EC
KH,Cambodia,cambodia,ğŸ‡°ğŸ‡­,U+1F1F0 U+1F1ED
KI,Kiribati,kiribati,ğŸ‡°ğŸ‡®,U+1F1F0 U+1F1EE
KM,Comoros,comoros,ğŸ‡°ğŸ‡²,U+1F1F0 U+1F1F2
KN,Saint Kitts and Nevis,saint-kitts-and-nevis,ğŸ‡°ğŸ‡³,U+1F1F0 U+1F1F3
KP,North Korea,north-korea,ğŸ‡°ğŸ‡µ,U+1F1F0 U+1F1F5
KR,South Korea,south-korea,ğŸ‡°ğŸ‡·,U+1F1F0 U+1F1F7
KW,Kuwait,kuwait,ğŸ‡°ğŸ‡¼,U+1F1F0 U+1F1FC
KY,Cayman Islands,cayman-islands,ğŸ‡°ğŸ‡¾,U+1F1F0 U+1F1FE
KZ,Kazakhstan,kazakhstan,ğŸ‡°ğŸ‡¿,U+1F1F0 U+1F1FF
LA,Laos,laos,ğŸ‡±ğŸ‡¦,U+1F1F1 U+1F1E6
LB,Lebanon,lebanon,ğŸ‡±ğŸ‡§,U+1F1F1 U+1F1E7
LC,Saint Lucia,saint-lucia,ğŸ‡±ğŸ‡¨,U+1F1F1 U+1F1E8
LI,Liechtenstein,liechtenstein,ğŸ‡±ğŸ‡®,U+1F1F1 U+1F1EE
LK,Sri Lanka,sri-lanka,ğŸ‡±ğŸ‡°,U+1F1F1 U+1F1F0
LR,Liberia,liberia,ğŸ‡±ğŸ‡·,U+1F1F1 U+1F1F7
LS,Lesotho,lesotho,ğŸ‡±ğŸ‡¸,U+1F1F1 U+1F1F8
LT,Lithuania,lithuania,ğŸ‡±ğŸ‡¹,U+1F1F1 U+1F1F9
LU,Luxembourg,luxembourg,ğŸ‡±ğŸ‡º,U+1F1F1 U+1F1FA
LV,Latvia,latvia,ğŸ‡±ğŸ‡»,U+1F1F1 U+1F1FB
LY,Libya,libya,ğŸ‡±ğŸ‡¾,U+1F1F1 U+1F1FE
MA,Morocco,morocco,ğŸ‡²ğŸ‡¦,U+1F1F2 U+1F1E6
MC,Monaco,monaco,ğŸ‡²ğŸ‡¨,U+1F1F2 U+1F1E8
MD,Moldova,moldova,ğŸ‡²ğŸ‡©,U+1F1F2 U+1F1E9
ME,Montenegro,montenegro,ğŸ‡²ğŸ‡ª,U+1F1F2 U+1F1EA
MG,Madagascar,madagascar,ğŸ‡²ğŸ‡¬,U+1F1F2 U+1F1EC
MH,Marshall Islands,marshall-islands,ğŸ‡²ğŸ‡­,U+1F1F2 U+1F1ED
MK,Macedonia [FYROM],north-macedonia,ğŸ‡²ğŸ‡°,U+1F1F2 U+1F1F0
ML,Mali,mali,ğŸ‡²ğŸ‡±,U+1F1F2 U+1F1F1
MM,Myanmar [Burma],myanmar,ğŸ‡²ğŸ‡²,U+1F1F2 U+1F1F2
MN,Mongolia,mongolia,ğŸ‡²ğŸ‡³,U+1F1F2 U+1F1F3
MO,Macau,macau-s-a-r,ğŸ‡²ğŸ‡´,U+1F1F2 U+1F1F4
MP,Northern Mariana Islands,northern-mariana-islands,ğŸ‡²ğŸ‡µ,U+1F1F2 U+1F1F5
MQ,Martinique,martinique,ğŸ‡²ğŸ‡¶,U+1F1F2 U+1F1F6
MR,Mauritania,mauritania,ğŸ‡²ğŸ‡·,U+1F1F2 U+1F1F7
MS,Montserrat,montserrat,ğŸ‡²ğŸ‡¸,U+1F1F2 U+1F1F8
MT,Malta,malta,ğŸ‡²ğŸ‡¹,U+1F1F2 U+1F1F9
MU,Mauritius,mauritius,ğŸ‡²ğŸ‡º,U+1F1F2 U+1F1FA
MV,Maldives,maldives,ğŸ‡²ğŸ‡»,U+1F1F2 U+1F1FB
MW,Malawi,malawi,ğŸ‡²ğŸ‡¼,U+1F1F2 U+1F1FC
MX,Mexico,mexico,ğŸ‡²ğŸ‡½,U+1F1F2 U+1F1FD
MY,Malaysia,malaysia,ğŸ‡²ğŸ‡¾,U+1F1F2 U+1F1FE
MZ,Mozambique,mozambique,ğŸ‡²ğŸ‡¿,U+1F1F2 U+1F1FF
NA,Namibia,namibia,ğŸ‡³ğŸ‡¦,U+1F1F3 U+1F1E6
NC,New Caledonia,new-caledonia,ğŸ‡³ğŸ‡¨,U+1F1F3 U+1F1E8
NE,Niger,niger,ğŸ‡³ğŸ‡ª,U+1F1F3 U+1F1EA
NF,Norfolk Island,norfolk-island,ğŸ‡³ğŸ‡«,U+1F1F3 U+1F1EB
NG,Nigeria,nigeria,ğŸ‡³ğŸ‡¬,U+1F1F3 U+1F1EC
NI,Nicaragua,nicaragua,ğŸ‡³ğŸ‡®,U+1F1F3 U+1F1EE
NL,Netherlands,netherlands,ğŸ‡³ğŸ‡±,U+1F1F3 U+1F1F1
NO,Norway,norway,ğŸ‡³ğŸ‡´,U+1F1F3 U+1F1F4
NP,Nepal,nepal,ğŸ‡³ğŸ‡µ,U+1F1F3 U+1F1F5
NR,Nauru,nauru,ğŸ‡³ğŸ‡·,U+1F1F3 U+1F1F7
NU,Niue,niue,ğŸ‡³ğŸ‡º,U+1F1F3 U+1F1FA
NZ,New Zealand,new-zealand,ğŸ‡³ğŸ‡¿,U+1F1F3 U+1F1FF
OM,Oman,oman,ğŸ‡´ğŸ‡²,U+1F1F4 U+1F1F2
PA,Panama,panama,ğŸ‡µğŸ‡¦,U+1F1F5 U+1F1E6
PE,Peru,peru,ğŸ‡µğŸ‡ª,U+1F1F5 U+1F1EA
PF,French Polynesia,french-polynesia,ğŸ‡µğŸ‡«,U+1F1F5 U+1F1EB
PG,Papua New Guinea,papua-new-guinea,ğŸ‡µğŸ‡¬,U+1F1F5 U+1F1EC
PH,Philippines,philippines,ğŸ‡µğŸ‡­,U+1F1F5 U+1F1ED
PK,Pakistan,pakistan,ğŸ‡µğŸ‡°,U+1F1F5 U+1F1F0
PL,Poland,poland,ğŸ‡µğŸ‡±,U+1F1F5 U+1F1F1
PM,Saint Pierre and Miquelon,saint-pierre-and-miquelon,ğŸ‡µğŸ‡²,U+1F1F5 U+1F1F2
PN,Pitcairn Islands,pitcairn-island,ğŸ‡µğŸ‡³,U+1F1F5 U+1F1F3
PR,Puerto Rico,puerto-rico,ğŸ‡µğŸ‡·,U+1F1F5 U+1F1F7
PS,Palestinian Territories,palestinian-territory-occupied,ğŸ‡µğŸ‡¸,U+1F1F5 U+1F1F8
PT,Portugal,portugal,ğŸ‡µğŸ‡¹,U+1F1F5 U+1F1F9
PW,Palau,palau,ğŸ‡µğŸ‡¼,U+1F1F5 U+1F1FC
PY,Paraguay,paraguay,ğŸ‡µğŸ‡¾,U+1F1F5 U+1F1FE
QA,Qatar,qatar,ğŸ‡¶ğŸ‡¦,U+1F1F6 U+1F1E6
RE,RÃ©union,reunion,ğŸ‡·ğŸ‡ª,U+1F1F7 U+1F1EA
RO,Romania,romania,ğŸ‡·ğŸ‡´,U+1F1F7 U+1F1F4
RS,Serbia,serbia,ğŸ‡·ğŸ‡¸,U+1F1F7 U+1F1F8
RU,Russia,russia,ğŸ‡·ğŸ‡º,U+1F1F7 U+1F1FA
RW,Rwanda,rwanda,ğŸ‡·ğŸ‡¼,U+1F1F7 U+1F1FC
SA,Saudi Arabia,saudi-arabia,ğŸ‡¸ğŸ‡¦,U+1F1F8 U+1F1E6
SB,Solomon Islands,solomon-islands,ğŸ‡¸ğŸ‡§,U+1F1F8 U+1F1E7
SC,Seychelles,seychelles,ğŸ‡¸ğŸ‡¨,U+1F1F8 U+1F1E8
SD,Sudan,sudan,ğŸ‡¸ğŸ‡©,U+1F1F8 U+1F1E9
SE,Sweden,sweden,ğŸ‡¸ğŸ‡ª,U+1F1F8 U+1F1EA
SG,Singapore,singapore,ğŸ‡¸ğŸ‡¬,U+1F1F8 U+1F1EC
SH,Saint Helena,saint-helena,ğŸ‡¸ğŸ‡­,U+1F1F8 U+1F1ED
SI,Slovenia,slovenia,ğŸ‡¸ğŸ‡®,U+1F1F8 U+1F1EE
SJ,Svalbard and Jan Mayen,svalbard-and-jan-mayen-islands,ğŸ‡¸ğŸ‡¯,U+1F1F8 U+1F1EF
SK,Slovakia,slovakia,ğŸ‡¸ğŸ‡°,U+1F1F8 U+1F1F0
SL,Sierra Leone,sierra-leone,ğŸ‡¸ğŸ‡±,U+1F1F8 U+1F1F1
SM,San Marino,san-marino,ğŸ‡¸ğŸ‡²,U+1F1F8 U+1F1F2
SN,Senegal,senegal,ğŸ‡¸ğŸ‡³,U+1F1F8 U+1F1F3
SO,Somalia,somalia,ğŸ‡¸ğŸ‡´,U+1F1F8 U+1F1F4
SR,Suriname,suriname,ğŸ‡¸ğŸ‡·,U+1F1F8 U+1F1F7
ST,SÃ£o TomÃ© and PrÃ­ncipe,sao-tome-and-principe,ğŸ‡¸ğŸ‡¹,U+1F1F8 U+1F1F9
SV,El Salvador,el-salvador,ğŸ‡¸ğŸ‡»,U+1F1F8 U+1F1FB
SY,Syria,syria,ğŸ‡¸ğŸ‡¾,U+1F1F8 U+1F1FE
SZ,Swaziland,swaziland,ğŸ‡¸ğŸ‡¿,U+1F1F8 U+1F1FF
TC,Turks and Caicos Islands,turks-and-caicos-islands,ğŸ‡¹ğŸ‡¨,U+1F1F9 U+1F1E8
TD,Chad,chad,ğŸ‡¹ğŸ‡©,U+1F1F9 U+1F1E9
TF,French Southern Territories,french-southern-territories,ğŸ‡¹ğŸ‡«,U+1F1F9 U+1F1EB
TG,Togo,togo,ğŸ‡¹ğŸ‡¬,U+1F1F9 U+1F1EC
TH,Thailand,thailand,ğŸ‡¹ğŸ‡­,U+1F1F9 U+1F1ED
TJ,Tajikistan,tajikistan,ğŸ‡¹ğŸ‡¯,U+1F1F9 U+1F1EF
TK,Tokelau,tokelau,ğŸ‡¹ğŸ‡°,U+1F1F9 U+1F1F0
TL,Timor-Leste,east-timor,ğŸ‡¹ğŸ‡±,U+1F1F9 U+1F1F1
TM,Turkmenistan,turkmenistan,ğŸ‡¹ğŸ‡²,U+1F1F9 U+1F1F2
TN,Tunisia,tunisia,ğŸ‡¹ğŸ‡³,U+1F1F9 U+1F1F3
TO,Tonga,tonga,ğŸ‡¹ğŸ‡´,U+1F1F9 U+1F1F4
TR,Turkey,turkey,ğŸ‡¹ğŸ‡·,U+1F1F9 U+1F1F7
TT,Trinidad and Tobago,trinidad-and-tobago,ğŸ‡¹ğŸ‡¹,U+1F1F9 U+1F1F9
TV,Tuvalu,tuvalu,ğŸ‡¹ğŸ‡»,U+1F1F9 U+1F1FB
TW,Taiwan,taiwan,ğŸ‡¹ğŸ‡¼,U+1F1F9 U+1F1FC
TZ,Tanzania,tanzania,ğŸ‡¹ğŸ‡¿,U+1F1F9 U+1F1FF
UA,Ukraine,ukraine,ğŸ‡ºğŸ‡¦,U+1F1FA U+1F1E6
UG,Uganda,uganda,ğŸ‡ºğŸ‡¬,U+1F1FA U+1F1EC
UM,U.S. Minor Outlying Islands,united-states-minor-outlying-islands,ğŸ‡ºğŸ‡²,U+1F1FA U+1F1F2
US,United States,united-states,ğŸ‡ºğŸ‡¸,U+1F1FA U+1F1F8
UY,Uruguay,uruguay,ğŸ‡ºğŸ‡¾,U+1F1FA U+1F1FE
UZ,Uzbekistan,uzbekistan,ğŸ‡ºğŸ‡¿,U+1F1FA U+1F1FF
VA,Vatican City,vatican-city-state-holy-see,ğŸ‡»ğŸ‡¦,U+1F1FB U+1F1E6
VC,Saint Vincent and the Grenadines,saint-vincent-and-the-grenadines,ğŸ‡»ğŸ‡¨,U+1F1FB U+1F1E8
VE,Venezuela,venezuela,ğŸ‡»ğŸ‡ª,U+1F1FB U+1F1EA
VG,British Virgin Islands,virgin-islands-british,ğŸ‡»ğŸ‡¬,U+1F1FB U+1F1EC
VI,U.S. Virgin Islands,virgin-islands-us,ğŸ‡»ğŸ‡®,U+1F1FB U+1F1EE
VN,Vietnam,vietnam,ğŸ‡»ğŸ‡³,U+1F1FB U+1F1F3
VU,Vanuatu,vanuatu,ğŸ‡»ğŸ‡º,U+1F1FB U+1F1FA
WF,Wallis and Futuna,wallis-and-futuna-islands,ğŸ‡¼ğŸ‡«,U+1F1FC U+1F1EB
WS,Samoa,samoa,ğŸ‡¼ğŸ‡¸,U+1F1FC U+1F1F8
XK,Kosovo,kosovo,ğŸ‡½ğŸ‡°,U+1F1FD U+1F1F0
YE,Yemen,yemen,ğŸ‡¾ğŸ‡ª,U+1F1FE U+1F1EA
YT,Mayotte,mayotte,ğŸ‡¾ğŸ‡¹,U+1F1FE U+1F1F9
ZA,South Africa,south-africa,ğŸ‡¿ğŸ‡¦,U+1F1FF U+1F1E6
ZM,Zambia,zambia,ğŸ‡¿ğŸ‡²,U+1F1FF U+1F1F2
ZW,Zimbabwe,zimbabwe,ğŸ‡¿ğŸ‡¼,U+1F1FF U+1F1FC
